id,name,slug,oldSku,newSku,no,how,conf,agree,suggest,category,capDb,capNas,capWarn,nas,imgSlug
"7ee9ef7c-4d1e-4399-8ae7-45c184116729","USB แฟลชไดร์ฟ - MP3 รวมเพลง 3 ช่าเพื่อชีวิต แฟลชไดร์ฟรวมเพลง","usb-mp3-3cha-peuachiwit-cover","BT-PC-02-045","BT-PC-02-045","45","รูป","รูปตรง 6 ใบ · d3","ชื่อชี้ 32","","เพื่อชีวิต","2GB","2GB","","045. 3ช่าเพื่อชีวิต [2GB]","usb-mp3-3cha-peuachiwit-cover"
"b582eb92-0f46-4ba0-985e-841b65aa87c9","USB แฟลชไดรฟ์ MP3 รวมเพลงสตริงยุค 80s","usb-flash-drive-mp3-includes-80s-era-string-music","BT-ST-01-042","BT-ST-01-042","42","รูป","รูปตรง 8 ใบ · d3","ตรงกัน","","เพลงสตริง","1GB","1GB","","042. สตริง80 [1GB]","usb-flash-drive-mp3-includes-80s-era-string-music"
"13b5beb0-a60b-41aa-b73e-1c99fb1a981d","USB แฟลชไดรฟ์ MP3 รวมเพลงลูกทุ่ง อินดี้ ฮิตตลอดกาล","usb-flash-drive-mp3-includes-country-hits","BT-LT-02-026","BT-LT-02-026","26","รูป","รูปตรง 4 ใบ · d2","ตรงกัน","","ลูกทุ่ง","2GB","2GB","","026. รวมฮิตลูกทุ่ง อินดี้ [2GB]","usb-flash-drive-mp3-includes-country-hits"
"c3a7a656-4dd6-4e13-9c87-14c226cf7f8b","USB แฟลชไดรฟ์ MP3 รวมเพลงฮิต ยุค90s","usb-flash-drive-mp3-90s-greatest-hits","BT-ST-04-043","BT-ST-04-043","43","รูป","รูปตรง 5 ใบ · d3","ชื่อชี้ 4","","เพลงสตริง","4GB","4GB","","043. ฮิต90 - [4GB]","usb-flash-drive-mp3-90s-greatest-hits"
"049562b1-9faf-47c6-bdcb-9fb0ee6b74e7","USB แฟลชไดรฟ์ - MP3 รวมเพลงยุค 90 เพลงเพราะๆ ร็อคคลาสสิกจากยุคทอง","usb-flash-drive-mp3-includes-songs-from-the-90s","BT-ST-02-036","BT-ST-02-036","36","รูป","รูปตรง 6 ใบ · d3","ตรงกัน","","เพลงสตริง","2GB","","","036. ร็อค90 (2GB)","usb-flash-drive-mp3-includes-songs-from-the-90s"
"52cdb1a7-e5a1-46ee-ba73-16fa1a853286","USB แฟลชไดรฟ์ MP3 รวมเพลงลูกกรุงอมตะ สุนทราภรณ์","usb-mp3-luk-krung-suntharaporn","BT-LK-01-013","BT-LK-01-013","13","รูป","รูปตรง 3 ใบ · d4","ชื่อชี้ 3","","ลูกกรุง","1GB","1GB","","013. สุทราภรณ์ [1GB]","usb-flash-drive-mp3-sunarathip"
"535e7f62-768a-4f19-8f45-eb1b3d2145b4","USB แฟลชไดรฟ์ - MP3 รวมเพลงลาบานูน ฟังครบทุกอัลบั้ม ฮิตทุกเพลง","usb-flash-drive-mp3-includes-labanun-songs","BT-ST-01-010","BT-ST-01-010","10","รูป","รูปตรง 3 ใบ · d2","ตรงกัน","","เพลงสตริง","1GB","1GB","","010. ลาบานุน [1GB]","usb-flash-drive-mp3-includes-labanun-songs"
"13cc9199-2576-47e6-93cb-ce557a5e997d","USB แฟลชไดรฟ์ MP3 เสียงใต้ในความทรงจำ – ฟังเพลงใต้ต้นฉบับที่ตราตรึงใจไม่มีวันลืม","usb-mp3-southern-memories-original","BT-TA-04-023","BT-TA-04-023","23","รูป","รูปตรง 9 ใบ · d4","ตรงกัน","","เพลงใต้","4GB","4GB","","023. เสียงใต้ในความทรงจำ [4GB]","usb-mp3-southern-memories-original"
"0c4ca060-e8db-47c5-9d26-9bebedcd08d8","หัวแปลง OTG จิ๋วแต่แจ๋ว! แก้เมมเต็ม ย้ายรูปเข้า Flash Drive ไม่ง้อคอม (Type-C/Micro)","tiny-but-mighty-otg-adapters","BT-AC-00-059","BT-AC-00-059","59","รูป","รูปตรง 8 ใบ · d2","ตรงกัน","","อุปกรณ์เสริม","1GB","","","","tiny-but-mighty-otg-adapters"
"1e865af8-0c53-47ca-b41e-3d48879ea8da","USB แฟลชไดรฟ์ MP3 รวมเพลงแดนซ์ มันส์ๆ เสียบฟังในรถ/ลำโพงได้ทันที/คอม","usb-mp3-dance-vol2","BT-DZ-02-011","BT-DZ-02-011","11","รูป","รูปตรง 9 ใบ · d2","ตรงกัน","","แดนซ์","2GB","2GB","","011. แดนซ์เสียบแล้วโยก [2GB]","usb-mp3-dance-vol2"
"9d95e059-4a1c-4573-987e-44a19e2d27c3","USB Flash Drive MP3 ธรรมะ นิยายเสียง – สัตว์โลกย่อมเป็นไปตามกรรม  เพ็ญศรี อินทรทัต  ฟังในรถลำโพง","usb-mp3-dhamma-pensiree","BT-DM-16-029","","","ชื่อ?","ชื่อ 100%","","29 (ชื่อ 100%)","ธรรมะ","16GB","","","","usb-mp3-dhamma-pensiree"
"8d424759-497d-4a39-b117-d1d13f0819ac","USB แฟลชไดรฟ์ MP3 รวมเพลงฮิตยุค 2000 – บทเพลงที่เต็มไปด้วยความทรงจำ","usb-mp3-hits-2000","BT-ST-01-033","BT-ST-01-033","33","รูป","รูปตรง 9 ใบ · d1","ตรงกัน","","เพลงสตริง","1GB","1GB","","033. ฮิต2000 [1GB]","usb-mp3-hits-2000"
"786480fc-e04c-4af6-be63-14e8b039a041","USB แฟลชไดรฟ์ MP3 เสียงสตอ – สำเนียงใต้แท้","usb-mp3-tai-sato","BT-TA-02-039","BT-TA-02-039","39","รูป","รูปตรง 9 ใบ · d3","ตรงกัน","","เพลงใต้","2GB","2GB","","039. เสียงสตอ – สำเนียงใต้แท้ [2GB]","usb-mp3-tai-sato"
"8513c38b-e5d7-4469-a0c2-f4b5ce212145","USB แฟลชไดรฟ์พร้อมเพลง - MP3 รวมฮิตสากล ฟังไม่มีเบื่อ","usb-mp3-international-hits","BT-IN-01-057","BT-IN-01-057","57","รูป","รูปตรง 9 ใบ · d2","ชื่อชี้ 1","","เพลงสากล","1GB","1GB","","057. ร่วมฮิตสากลฟังไม่มีเบื่อ [1GB]","usb-mp3-international-hits"
"2de87205-4c02-4995-aa3e-ff089aa3cb7c","USB แฟลชไดรฟ์ - MP3 เพลงใต้ - รวมเพลงใต้ฮิต ฟังเพราะทุกจังหวะ","usb-mp3-tai-hit","BT-TA-02-021","BT-TA-02-021","21","รูป","รูปตรง 9 ใบ · d3","ตรงกัน","","เพลงใต้","2GB","2GB","","021. เพลงใต้ รวมเพลงใต้ฮิต [2GB]","usb-mp3-tai-hit"
"6e07859e-39ef-4f69-8ea4-fdc1774596bd","USB แฟลชไดรฟ์ MP3 รวมเพลงร็อคในความทรงจำ – พกพาบทเพลงแห่งอดีตไปกับคุณทุกที่","usb-mp3-rock-memories","BT-ST-02-015","BT-ST-02-015","15","รูป","รูปตรง 9 ใบ · d1","ตรงกัน","","เพลงสตริง","2GB","2GB","","015.ร็อคในความทรงจำ [2GB]","usb-mp3-rock-memories"
"707bc2fd-3117-46f1-ae4f-0c396af73603","USB แฟลชไดรฟ์ MP3 รวมเพลงสตริงยุค 90 ฮิตตลอดกาล","usb-mp3-string-90s","BT-ST-04-034","BT-ST-04-034","34","รูป","รูปตรง 4 ใบ · d0","ชื่อชี้ 4","","เพลงสตริง","4GB","","","034. สตริง90 - (4GB)","usb-mp3-string-90s"
"f8b0c145-feac-4ca3-8f2f-9142c169c072","USB แฟลชไดรฟ์ MP3 รวมเพลงใต้เพราะๆ – ฟังเพลิน อินทุกท่วงทำนอง","usb-mp3-tai-phroaa","BT-TA-04-046","BT-TA-04-046","46","รูป","รูปตรง 9 ใบ · d3","ตรงกัน","","เพลงใต้","4GB","4GB","","046. รวมเพลงใต้เพราะๆ [4GB]","usb-mp3-tai-phroaa"
"dbab084e-b631-4a73-bd55-b39ed3e2baa9","USB แฟลชไดรฟ์ MP3 สากลรวมฮิต จังหวะที่โลกหลงรัก","usb-mp3-world-hits","BT-IN-01-007","BT-IN-01-007","7","รูป","รูปตรง 9 ใบ · d3","ชื่อชี้ 1","","เพลงสากล","1GB","1GB","","007. สากลร่วมฮิต [1GB]","usb-mp3-world-hits"
"a7e3c161-a60a-4dbb-82b6-b23806164f6b","USB แฟลชไดรฟ์ MP3 รวมเพลงลูกกรุง เสียงเพลงอมตะที่คุณหลงรัก!","usb-mp3-luk-krung-amata","BT-LK-01-003","BT-LK-01-003","3","รูป","รูปตรง 9 ใบ · d0","ตรงกัน","","ลูกกรุง","1GB","1GB","","003. ลูกกรุง [1GB]","usb-mp3-luk-krung-amata"
"54dd62d0-553f-49ff-a9e2-70675bd045fc","USB แฟลชไดรฟ์ MP3 รวมเพลงลูกทุ่งอินดี้ ฟังในรถ","usb-mp3-luk-thung-indy-4gb","BT-LT-02-035","BT-LT-02-035","35","รูป","รูปตรง 9 ใบ · d0","ตรงกัน","","ลูกทุ่ง","2GB","","","035. ลูกทุ่งอินดี้ - (2GB)","usb-mp3-luk-thung-indy-4gb"
"2aa40c05-5060-430d-9953-55497cf18034","USB แฟลชไดรฟ์ MP3 ลูกทุ่งอมตะ – เสียงเพลงแห่งกาลเวลาที่ไม่เคยเลือนหาย","usb-mp3-luk-thung-amata","BT-LT-01-019","BT-LT-01-019","19","รูป","รูปตรง 9 ใบ · d2","ตรงกัน","","ลูกทุ่ง","1GB","1GB","","019.ลูกทุ่งอมตะ [1GB]","usb-mp3-luk-thung-amata"
"d99486c7-2848-4fa2-9ba8-ef676ee72945","USB แฟลชไดรฟ์ MP3 รวมเพลงอีสานอินดี้ ลูกทุ่งใหม่","usb-mp3-isan-indy","BT-LT-M5-048","BT-LT-M5-048","48","รูป","รูปตรง 9 ใบ · d0","ชื่อชี้ 26","","ลูกทุ่ง","512MB","512MB","","048. ลูกทุ่ง50เพลง [512KB]","usb-mp3-isan-indy"
"0ea3d8e7-9c6c-46d0-847e-99f95bca3091","USB แฟลชไดรฟ์ MP3 รวมเพลงลูกทุ่งฮิต ฟังในรถยนต์","usb-mp3-luk-thung-100","BT-LT-01-030","BT-LT-01-030","30","รูป","รูปตรง 9 ใบ · d1","ตรงกัน","","ลูกทุ่ง","1GB","1GB","","030. รวมเพลงลูกทุ่งฮิต 100+ เพลง [1GB]","usb-mp3-luk-thung-100"
"db0c213b-489f-4b8b-a9a7-1b8b1fbe76b3","USB แฟลชไดรฟ์ MP3 รวมเพลงลูกทุ่ง ครูสลา – บทเพลงลูกทุ่งสุดคลาสสิกจากปลายปากกาของครูเพลงแห่งยุค","usb-mp3-kru-sla","BT-LT-01-002","BT-LT-01-002","2","รูป","รูปตรง 9 ใบ · d2","ตรงกัน","","ลูกทุ่ง","1GB","1GB","","002. ครูสลา [1GB]","usb-mp3-kru-sla"
"019788ef-cdf6-434a-8ea9-27ead596a78a","USB แฟลชไดรฟ์ MP3 รวมเพลง เสก โลโซ – บทเพลงร็อคในตำนาน ฟังได้ทุกที่ทุกเวลา!","usb-mp3-sek-loso","BT-ST-02-005","BT-ST-02-005","5","รูป","รูปตรง 8 ใบ · d3","ตรงกัน","","เพลงสตริง","2GB","2GB","","005. เสก loso [2GB]","usb-mp3-sek-loso"
"9be902d2-3326-4947-8011-dfd6d2262b38","USB แฟลชไดรฟ์ - MP3 รวมเพลงร็อค90 เพลงฮิตตลอดกาล ฟังมันส์ทุกที่ ทุกเวลา","usb-mp3-rock-90s","BT-ST-01-027","BT-ST-01-027","27","รูป","รูปตรง 9 ใบ · d4","ตรงกัน","","เพลงสตริง","1GB","1GB","","027. ร็อค90ปกแดง [1GB]","usb-mp3-rock-90s"
"3fabd2c2-7f60-4f7e-99df-e8394cc8e257","USB เพลงฮิต MP3 ฟังเพลงเพราะในรถยนต์ เสียบแล้วฟังได้ทันที","usb-mp3-hit-nai-rot","BT-ST-02-056","BT-ST-02-056","56","รูป","รูปตรง 9 ใบ · d4","ตรงกัน","","เพลงสตริง","2GB","","","","usb-mp3-hit-nai-rot"
"2d1ca54c-94ce-4354-9324-31aca480eb32","USB แฟลชไดรฟ์ mp3 - เพลงบทสวดมนต์ทำนองดนตรี รวมคาถามงคล ฟังเสริมสิริมงคล","usb-mp3-suat-mon","BT-DM-M5-041","BT-DM-M5-041","41","รูป","รูปตรง 8 ใบ · d1","ตรงกัน","","ธรรมะ","512MB","512MB","","041. บทสวดมนต์ รวมเพลงคาถามงคล [512MB]","usb-mp3-suat-mon"
"edc91b07-dd6a-42a1-9577-6b33017bc755","USB แฟลชไดรฟ์ MP3 เพลงเพื่อชีวิต คาราบาว ครบทุกอัลบั้ม","usb-mp3-phuea-chiwit-carabao-4gb-325-songs","BT-PC-04-040","BT-PC-04-040","40","รูป","รูปตรง 8 ใบ · d3","ชื่อชี้ 32","","เพื่อชีวิต","4GB","4GB","","040. คาราบาว [4GB]","usb-mp3-carabao-4gb"
"f6ad40b5-108c-4ac3-bc9d-4f288c6519bb","USB แฟลชไดรฟ์ MP3 รวมเพลงลูกทุ่ง ก็อต จักรพรรณ์","usb-mp3-got-jakrapat","BT-LT-04-025","BT-LT-04-025","25","รูป","รูปตรง 9 ใบ · d2","ตรงกัน","","ลูกทุ่ง","4GB","4GB","","025. ก็อต จักรพรรณ์ [4GB]","usb-mp3-got-jakrapat"
"a25b0e62-8eb5-4bf0-82bc-b7cbe8f07e0a","USB แฟลชไดรฟ์ MP3 รวมเพลงสันติ ดวงสว่าง เพลงอมตะ","usb-mp3-santi-duangsaw","BT-LT-04-028","BT-LT-04-028","28","รูป","รูปตรง 8 ใบ · d0","ตรงกัน","","ลูกทุ่ง","4GB","4GB","","028. สันติ ดวงสว่าง [4GB]","usb-mp3-santi-duangsaw"
"d69e5509-d38a-4d64-ade4-eded6cb45416","USB แฟลชไดรฟ์ MP3 รวมเพลงลูกกรุง เพลงอมตะ ฟังในรถ","usb-mp3-luk-krung-4gb","BT-LK-04-024","BT-LK-04-024","24","รูป","รูปตรง 7 ใบ · d4","ชื่อชี้ 3","","ลูกกรุง","4GB","4GB","","024. ลูกกรุงอมตะ [4GB]","usb-mp3-luk-krung-4gb"
"09768fd9-7498-40b0-b98b-dc537ca0f449","USB แฟลชไดรฟ์ - MP3 รวมเพลงร็อคในตำนาน - เสียงเพลงแห่งความทรงจำ","usb-mp3-rock-legend","BT-ST-01-008","BT-ST-01-008","8","รูป","รูปตรง 9 ใบ · d2","ตรงกัน","","เพลงสตริง","1GB","1GB","","008. ร็อคในตำนาน [1GB]","usb-mp3-rock-legend"
"9492b2ce-64ea-47ec-9ff0-52fc638f11d2","USB แฟลชไดรฟ์ MP3 รวมเพลงพงษ์พัฒน์ เสียงร็อคที่อยู่เหนือกาลเวลา","usb-mp3-pong-pat","BT-ST-01-016","BT-ST-01-016","16","รูป","รูปตรง 9 ใบ · d3","ตรงกัน","","เพลงสตริง","1GB","1GB","","016. พงษ์พัฒน์ [1GB]","usb-mp3-pong-pat"
"652cf205-9b19-461d-8807-e3ce1dc6a954","USB แฟลชไดรฟ์ MP3 รวมเพลงร็อค ดังวันเก่า-ฟังเพลิน เสียบแล้วเล่นได้เลย","usb-mp3-rock-wan-kao","BT-ST-01-058","BT-ST-01-058","58","รูป","รูปตรง 8 ใบ · d3","ตรงกัน","","เพลงสตริง","1GB","","","","usb-mp3-rock-wan-kao"
"8fcbf8b0-da4f-4dab-840e-c72a9a350471","USB แฟลชไดรฟ์ - MP3 รวมเพลงยุค 90 เก่าคลาสสิก","usb-mp3-90s-classic","BT-ST-01-004","BT-ST-01-004","4","รูป","รูปตรง 8 ใบ · d1","ตรงกัน","","เพลงสตริง","1GB","1GB","","004. เพลงเก่าคลาสสิก 90 [1GB]","usb-mp3-90s-classic"
"60dc73d7-0d6c-410e-92a5-df64ac8fd6d3","USB แฟลชไดรฟ์ MP3 รวมเพลงใต้ - สำเนียงดนตรีใต้ ฟังเพราะถึงใจ","usb-mp3-tai-dontri","BT-TA-01-022","BT-TA-01-022","22","รูป","รูปตรง 9 ใบ · d1","ตรงกัน","","เพลงใต้","1GB","1GB","","022. รวมเพลงใต้สำเนียงใต้ [1GB]","usb-mp3-tai-dontri"
"1bbd7976-deb3-490b-a7c8-556bfc0b0d84","USB แฟลชไดรฟ์ MP3 รวมเพลงคาราบาว ครบทุกอัลบั้ม","usb-mp3-carabao-2gb","BT-PC-04-060","BT-PC-04-060","60","รูป","รูปตรง 9 ใบ · d1","ชื่อชี้ 40","","เพื่อชีวิต","4GB","","","","usb-mp3-carabao-2gb"
"0358a705-1a3c-4216-8bbb-6c48642a0241","USB แฟลชไดรฟ์ MP3 รวมเพลงร็อคไทย ยุค 2000 เพลงฮิต","usb-mp3-thai-rock-2000","BT-ST-02-037","BT-ST-02-037","37","รูป","รูปตรง 3 ใบ · d4","ชื่อชี้ 43","","เพลงสตริง","2GB","","","037. ร็อค2000ปรับรุงใหม่ (2GB)","usb-mp3-thai-rock-2000"
"2d1445b9-4e7c-4bd1-8f40-e287cca9db2c","USB แฟลชไดรฟ์ - MP3 รวมเพลงเพื่อชีวิต – เพลงเพื่อชีวิตที่อบอุ่นและเต็มไปด้วยพลังใจ!","usb-mp3-phuea-chiwit-2","BT-PC-04-032","BT-PC-04-032","32","รูป","รูปตรง 9 ใบ · d0","ตรงกัน","","เพื่อชีวิต","4GB","4GB","","032. เพื่อชีวิต [4GB]","usb-mp3-phuea-chiwit-2"
"c611a8e0-4187-4d66-b52b-c10949284e19","USB แฟลชไดรฟ์ MP3 รวมเพลงดังใน TikTok","usb-mp3-tiktok-hits","BT-ST-02-038","BT-ST-02-038","38","รูป","รูปตรง 9 ใบ · d4","ตรงกัน","","เพลงสตริง","2GB","2GB","","038. TikTok [2GB]","usb-mp3-tiktok-hits"
"sku-055-usb-mp3-bodyslam","USB แฟลชไดรฟ์ MP3 รวมทุกเพลง Bodyslam ครบทุกอัลบั้ม","usb-mp3-bodyslam","BT-ST-01-020","BT-ST-01-020","20","รูป","รูปตรง 9 ใบ · d1","ตรงกัน","","เพลงสตริง","1GB","1GB","","020. bodyslam [1GB]","usb-mp3-bodyslam"
"sku-059-usb-mp3-sai-string","USB แฟลชไดรฟ์ MP3 รวมเพลงฮิตสายสตริงมาแรง ครบทุกเพลงโปรด","usb-mp3-ruam-hit-sai-string","BT-ST-01-006","BT-ST-01-006","6","รูป","รูปตรง 9 ใบ · d3","ตรงกัน","","เพลงสตริง","1GB","1GB","","006. สายสตริงมาแแรง [1GB]","usb-mp3-ruam-hit-sai-string"
"sku-064-usb-mp3-dance","USB แฟลชไดรฟ์ MP3 รวมเพลงแดนซ์มันส์ EDM Remix สนุกตลอดเวลา","usb-mp3-dance","BT-DZ-01-031","BT-DZ-01-031","31","รูป","รูปตรง 9 ใบ · d1","ตรงกัน","","แดนซ์","1GB","1GB","","031. แดนซ์ [1GB]","usb-mp3-dance-3.jpg"
"sku-068-usb-mp3-yuk-90","USB แฟลชไดรฟ์ MP3 เสียงเพลงยุค 90 เพลงเพราะตลอดกาล","usb-mp3-phleng-yuk-90","BT-ST-01-018","BT-ST-01-018","18","รูป","รูปตรง 9 ใบ · d1","ชื่อชี้ 4","","เพลงสตริง","1GB","1GB","","018. เสียงเพลงยุค90 [1GB]","usb-mp3-phleng-yuk-90"
"sku-077-usb-mp3-sakol","USB แฟลชไดรฟ์ MP3 รวมเพลงสากล ฟังเพลินทุกที่ทุกเวลา","usb-mp3-sakol-sku-077","BT-IN-01-001","BT-IN-01-001","1","รูป","รูปตรง 9 ใบ · d1","ตรงกัน","","เพลงสากล","1GB","1GB","","001. สากล [1GB]","usb-mp3-sakol-sku-077"
"sku-084-usb-mp3-phleng-sakol","USB แฟลชไดรฟ์ MP3 รวมเพลงสากลเพราะๆ ฟังสบาย Pop Rock R&B","usb-mp3-ruam-phleng-sakol","BT-IN-01-014","BT-IN-01-014","14","รูป","รูปตรง 9 ใบ · d2","ชื่อชี้ 1","","เพลงสากล","1GB","1GB","","014. รวมเพลงสากล ฮิตติดชาร์ต [1GB]","usb-mp3-ruam-phleng-sakol"
"sku-093-usb-mp3-aoi-damkan","USB แฟลชไดรฟ์ MP3 พงษ์สิทธิ์ คำภีร์ ชุดแรก-ปัจจุบัน 2530-2566 ครบทุกอัลบั้ม","usb-mp3-pongsit-kampee","BT-PC-02-012","BT-PC-02-012","12","รูป","รูปตรง 9 ใบ · d2","ตรงกัน","","เพื่อชีวิต","2GB","2GB","","012. พงษ์สิทธิ์ คำภีร์  [2GB]","usb-mp3-aoi-damkan"
"sku-098-usb-mp3-hit-yuk-90","USB แฟลชไดรฟ์ MP3 รวมฮิตยุค 90 คิด(ถึง)ถึง เพลงเพราะจากยุคทอง","usb-mp3-hit-yuk-90-khit-thueng","BT-ST-01-017","BT-ST-01-017","17","รูป","รูปตรง 9 ใบ · d3","ตรงกัน","","เพลงสตริง","1GB","1GB","","017. ยุค90 คิด(ถึง)ถึง [1G]","usb-mp3-hit-yuk-90-khit-thueng"
"9a22a4cd-c4e0-4338-9b29-305599254120","USB แฟลชไดรฟ์ - MP3 รวมเพลงฮิต 100 ล้านวิว – รวมสตริง ฟังเพลิน ไม่มีสะดุด!","usb-mp3-100-million-views-2","BT-ST-01-009","BT-ST-01-009","9","รูป","รูปตรง 8 ใบ · d1","ตรงกัน","","เพลงสตริง","1GB","1GB","","009.รวมฮิต 100ล้านวิว [1GB]","usb-mp3-100-million-views"
"982bfa9c-9b1e-491e-94e9-463a5bb17d33","USB แฟลชไดรฟ์ MP3 รวมเรื่องเล่าอาจารย์ยอด 461 ตอน 16GB ฟังในรถ ไม่ต้องใช้เน็ต","usb-mp3-ruam-rueang-lao-oacharyyod-16gb","BT-DM-16-052","BT-DM-16-052","52","รูป","รูปตรง 6 ใบ · d4","ตรงกัน","","ธรรมะ","16GB","16GB","","052. อาจารยอด [16GB]","usb-mp3-ruam-rueang-lao-oacharyyod-16gb"
"1468b2b0-440d-4399-a62c-dd48f78f2e7f","USB แฟลชไดรฟ์ MP3 รวมเพลงพงษ์เทพ กระโดนชำนาญ 161 เพลง 2GB ฟังในรถ ไม่ต้องใช้เน็ต","usb-mp3-ruam-phleng-phngsethph-kraodnch-anay-2gb","BT-PC-02-055","BT-PC-02-055","55","รูป","รูปตรง 4 ใบ · d4","ตรงกัน","","เพื่อชีวิต","2GB","2GB","","055. พงษ์เทพ กระโดนชำนาญ [2GB]","usb-mp3-ruam-phleng-phngsethph-kraodnch-anay-2gb"
"60aaa501-2e18-4420-8946-f2700ee7af23","USB แฟลชไดรฟ์ MP3 รวมเพลงมาลีฮวนน่า 82 เพลง 1GB ฟังในรถ ไม่ต้องใช้เน็ต","usb-mp3-ruam-phleng-malihwnna-1gb","BT-PC-01-053","BT-PC-01-053","53","รูป","รูปตรง 5 ใบ · d4","ตรงกัน","","เพื่อชีวิต","1GB","1GB","","053. มาลีฮวนน่า [1GB]","usb-mp3-ruam-phleng-malihwnna-1gb"